--
-- PostgreSQL database dump
--

-- Dumped from database version 10.16 (Ubuntu 10.16-1.pgdg18.04+1)
-- Dumped by pg_dump version 10.16 (Ubuntu 10.16-1.pgdg18.04+1)

SET statement_timeout = 0;
SET lock_timeout = 0;
SET idle_in_transaction_session_timeout = 0;
SET client_encoding = 'UTF8';
SET standard_conforming_strings = on;
SELECT pg_catalog.set_config('search_path', '', false);
SET check_function_bodies = false;
SET xmloption = content;
SET client_min_messages = warning;
SET row_security = off;

--
-- Name: plpgsql; Type: EXTENSION; Schema: -; Owner: -
--

CREATE EXTENSION IF NOT EXISTS plpgsql WITH SCHEMA pg_catalog;


--
-- Name: EXTENSION plpgsql; Type: COMMENT; Schema: -; Owner: -
--

COMMENT ON EXTENSION plpgsql IS 'PL/pgSQL procedural language';


SET default_tablespace = '';

SET default_with_oids = false;

--
-- Name: adresses; Type: TABLE; Schema: public; Owner: -
--

CREATE TABLE public.adresses (
    id bigint NOT NULL,
    city character varying(255),
    complement character varying(255),
    country character varying(255),
    neighborhood character varying(255),
    number integer NOT NULL,
    public_place character varying(255),
    state character varying(2) NOT NULL
);


--
-- Name: adresses_id_seq; Type: SEQUENCE; Schema: public; Owner: -
--

ALTER TABLE public.adresses ALTER COLUMN id ADD GENERATED BY DEFAULT AS IDENTITY (
    SEQUENCE NAME public.adresses_id_seq
    START WITH 1
    INCREMENT BY 1
    NO MINVALUE
    NO MAXVALUE
    CACHE 1
);


--
-- Name: drivers; Type: TABLE; Schema: public; Owner: -
--

CREATE TABLE public.drivers (
    id bigint NOT NULL,
    is_active boolean,
    is_available boolean,
    name character varying(255),
    health_center_id bigint NOT NULL
);


--
-- Name: drivers_id_seq; Type: SEQUENCE; Schema: public; Owner: -
--

ALTER TABLE public.drivers ALTER COLUMN id ADD GENERATED BY DEFAULT AS IDENTITY (
    SEQUENCE NAME public.drivers_id_seq
    START WITH 1
    INCREMENT BY 1
    NO MINVALUE
    NO MAXVALUE
    CACHE 1
);


--
-- Name: employee_sequence; Type: SEQUENCE; Schema: public; Owner: -
--

CREATE SEQUENCE public.employee_sequence
    START WITH 1
    INCREMENT BY 1
    NO MINVALUE
    NO MAXVALUE
    CACHE 1;


--
-- Name: entity_sequence; Type: SEQUENCE; Schema: public; Owner: -
--

CREATE SEQUENCE public.entity_sequence
    START WITH 1
    INCREMENT BY 50
    NO MINVALUE
    NO MAXVALUE
    CACHE 1;


--
-- Name: health_centers; Type: TABLE; Schema: public; Owner: -
--

CREATE TABLE public.health_centers (
    id bigint NOT NULL,
    is_active boolean,
    cnpj character varying(18) NOT NULL,
    address_id bigint,
    prefecture_id bigint
);


--
-- Name: health_centers_id_seq; Type: SEQUENCE; Schema: public; Owner: -
--

ALTER TABLE public.health_centers ALTER COLUMN id ADD GENERATED BY DEFAULT AS IDENTITY (
    SEQUENCE NAME public.health_centers_id_seq
    START WITH 1
    INCREMENT BY 1
    NO MINVALUE
    NO MAXVALUE
    CACHE 1
);


--
-- Name: hibernate_sequence; Type: SEQUENCE; Schema: public; Owner: -
--

CREATE SEQUENCE public.hibernate_sequence
    START WITH 1
    INCREMENT BY 1
    NO MINVALUE
    NO MAXVALUE
    CACHE 1;


--
-- Name: id; Type: SEQUENCE; Schema: public; Owner: -
--

CREATE SEQUENCE public.id
    START WITH 1
    INCREMENT BY 50
    NO MINVALUE
    NO MAXVALUE
    CACHE 1;


--
-- Name: locations; Type: TABLE; Schema: public; Owner: -
--

CREATE TABLE public.locations (
    id bigint NOT NULL,
    category character varying(13) NOT NULL,
    created_at date NOT NULL,
    destination_hospital character varying(255) NOT NULL,
    is_preferential boolean,
    transition character varying(2) NOT NULL,
    passenger_id bigint NOT NULL,
    travel_id bigint NOT NULL
);


--
-- Name: locations_id_seq; Type: SEQUENCE; Schema: public; Owner: -
--

ALTER TABLE public.locations ALTER COLUMN id ADD GENERATED BY DEFAULT AS IDENTITY (
    SEQUENCE NAME public.locations_id_seq
    START WITH 1
    INCREMENT BY 1
    NO MINVALUE
    NO MAXVALUE
    CACHE 1
);


--
-- Name: order_reset_passwords; Type: TABLE; Schema: public; Owner: -
--

CREATE TABLE public.order_reset_passwords (
    id bigint NOT NULL,
    completed_in date,
    request_on date,
    was_rejected boolean,
    id_user_who_requested bigint,
    id_user_who_solved_order bigint
);


--
-- Name: order_reset_passwords_id_seq; Type: SEQUENCE; Schema: public; Owner: -
--

ALTER TABLE public.order_reset_passwords ALTER COLUMN id ADD GENERATED BY DEFAULT AS IDENTITY (
    SEQUENCE NAME public.order_reset_passwords_id_seq
    START WITH 1
    INCREMENT BY 1
    NO MINVALUE
    NO MAXVALUE
    CACHE 1
);


--
-- Name: passengers; Type: TABLE; Schema: public; Owner: -
--

CREATE TABLE public.passengers (
    id bigint NOT NULL,
    gender character varying(1) NOT NULL,
    cell_phone character varying(15) NOT NULL,
    date_of_birth date NOT NULL,
    is_active boolean,
    landline character varying(14),
    name character varying(255) NOT NULL,
    observation text,
    rg character varying(9) NOT NULL,
    sus character varying(18) NOT NULL,
    warning_count integer,
    address_id bigint NOT NULL,
    health_center_id bigint NOT NULL,
    is_blocked boolean,
    in_travel boolean
);


--
-- Name: passengers_id_seq; Type: SEQUENCE; Schema: public; Owner: -
--

ALTER TABLE public.passengers ALTER COLUMN id ADD GENERATED BY DEFAULT AS IDENTITY (
    SEQUENCE NAME public.passengers_id_seq
    START WITH 1
    INCREMENT BY 1
    NO MINVALUE
    NO MAXVALUE
    CACHE 1
);


--
-- Name: people_sequence; Type: SEQUENCE; Schema: public; Owner: -
--

CREATE SEQUENCE public.people_sequence
    START WITH 1
    INCREMENT BY 1
    NO MINVALUE
    NO MAXVALUE
    CACHE 1;


--
-- Name: prefectures; Type: TABLE; Schema: public; Owner: -
--

CREATE TABLE public.prefectures (
    id bigint NOT NULL,
    active boolean NOT NULL,
    cnpj character varying(18) NOT NULL,
    email character varying(255) NOT NULL,
    site character varying(255) NOT NULL,
    address_id bigint
);


--
-- Name: prefectures_id_seq; Type: SEQUENCE; Schema: public; Owner: -
--

ALTER TABLE public.prefectures ALTER COLUMN id ADD GENERATED BY DEFAULT AS IDENTITY (
    SEQUENCE NAME public.prefectures_id_seq
    START WITH 1
    INCREMENT BY 1
    NO MINVALUE
    NO MAXVALUE
    CACHE 1
);


--
-- Name: roles; Type: TABLE; Schema: public; Owner: -
--

CREATE TABLE public.roles (
    id bigint NOT NULL,
    role character varying(255)
);


--
-- Name: roles_id_seq; Type: SEQUENCE; Schema: public; Owner: -
--

ALTER TABLE public.roles ALTER COLUMN id ADD GENERATED BY DEFAULT AS IDENTITY (
    SEQUENCE NAME public.roles_id_seq
    START WITH 1
    INCREMENT BY 1
    NO MINVALUE
    NO MAXVALUE
    CACHE 1
);


--
-- Name: travels; Type: TABLE; Schema: public; Owner: -
--

CREATE TABLE public.travels (
    id bigint NOT NULL,
    is_active boolean,
    departure_date date NOT NULL,
    destiny_city character varying(255),
    destiny_state character varying(2) NOT NULL,
    observation text,
    registered_passengers integer NOT NULL,
    return_data date,
    status character varying(15) NOT NULL,
    driver_id bigint NOT NULL,
    health_center_id bigint NOT NULL,
    vehicle_id bigint NOT NULL,
    return_date date
);


--
-- Name: travels_id_seq; Type: SEQUENCE; Schema: public; Owner: -
--

ALTER TABLE public.travels ALTER COLUMN id ADD GENERATED BY DEFAULT AS IDENTITY (
    SEQUENCE NAME public.travels_id_seq
    START WITH 1
    INCREMENT BY 1
    NO MINVALUE
    NO MAXVALUE
    CACHE 1
);


--
-- Name: user_role; Type: TABLE; Schema: public; Owner: -
--

CREATE TABLE public.user_role (
    user_id bigint NOT NULL,
    role_id bigint NOT NULL
);


--
-- Name: users; Type: TABLE; Schema: public; Owner: -
--

CREATE TABLE public.users (
    id bigint NOT NULL,
    is_active boolean,
    created_at date,
    email character varying(255) NOT NULL,
    enrollment character varying(7),
    name character varying(255) NOT NULL,
    password character varying(255) NOT NULL,
    is_staff boolean DEFAULT false,
    username character varying(255) NOT NULL,
    health_center_id bigint
);


--
-- Name: users_id_seq; Type: SEQUENCE; Schema: public; Owner: -
--

ALTER TABLE public.users ALTER COLUMN id ADD GENERATED BY DEFAULT AS IDENTITY (
    SEQUENCE NAME public.users_id_seq
    START WITH 1
    INCREMENT BY 1
    NO MINVALUE
    NO MAXVALUE
    CACHE 1
);


--
-- Name: vehicles; Type: TABLE; Schema: public; Owner: -
--

CREATE TABLE public.vehicles (
    id bigint NOT NULL,
    is_active boolean,
    is_available boolean,
    capacity integer,
    name character varying(255),
    plaque character varying(255),
    health_center_id bigint NOT NULL
);


--
-- Name: vehicles_id_seq; Type: SEQUENCE; Schema: public; Owner: -
--

ALTER TABLE public.vehicles ALTER COLUMN id ADD GENERATED BY DEFAULT AS IDENTITY (
    SEQUENCE NAME public.vehicles_id_seq
    START WITH 1
    INCREMENT BY 1
    NO MINVALUE
    NO MAXVALUE
    CACHE 1
);


--
-- Data for Name: adresses; Type: TABLE DATA; Schema: public; Owner: -
--

COPY public.adresses (id, city, complement, country, neighborhood, number, public_place, state) FROM stdin;
1	Afogados da Ingazeira	Prédio	Brasil	Centro	20	 Praça Monsenhor Alfredo de Arruda Câmara	PE
5	Afogados da Ingazeiro	Prédio	Brasil	Centro	296	Avenida Rio Branco	PE
7	Serra Talhada	Prédio	Brasil	Nossa Senhora da Penha	125	Rua Agostinho Nunes de Magalhães	PE
8	Serra Talhada	Prédio	Brasil	Nossa Senhora da Penha	132	Rua Irnério Inácio	PE
9	Afogados da Ingazeira	Casa	Brasil	Manoela Valadares	130	Rua Laura Ramos de Brito	PE
10	Afogados da Ingazeira	Casa	Brasil	São Cristóvão	192	Rua Belizário Gomes Barreto	PE
11	Cajazeiras	Prédio	Brasil	Centro	288	 Rua Cel. Juvêncio Carneiro	PB
12	Cajazeiras	Prédio	Brasil	Centro	0	Rua Dr. José Moreira de Figueiredo	PB
13	Cajazeiras	Casa	Brasil	São Cristovão	231	Rua Padre Pedro Pereira	PB
14	Cajazeiras	Casa	Brasil	Jardins	0	Rua das Flores	PE
15	Cajazeiras	Casa	Brasil	Peixe Grande	111	Rua do Mar Vermelho	PB
16	Serra Talhada	Casa	Brasil	São Cristóvão	192	Rua Manoel Pereira Lins	PE
\.


--
-- Data for Name: drivers; Type: TABLE DATA; Schema: public; Owner: -
--

COPY public.drivers (id, is_active, is_available, name, health_center_id) FROM stdin;
5	t	t	Piniquim	4
10	t	t	João da Silva	5
11	t	t	Frank Castle	4
14	t	t	Logan 	4
16	t	t	Marcos Paulo	4
18	t	t	Vin Diesel	6
15	t	f	Antônio Henrique	6
19	t	f	Dwayne Johnson	6
17	t	f	Erivan	6
20	t	t	Sergio José	6
21	t	f	Bernardo José	6
6	t	f	Pedro de Paula	4
12	t	f	Matt Murdock	4
3	t	f	José Carlos de Nobrega	5
8	t	t	Bruce Wayne	5
24	t	t	Paul Walker	5
7	t	t	Clark Kent	5
9	t	t	Berry Allen	5
22	t	t	Emmett Cullen	4
\.


--
-- Data for Name: health_centers; Type: TABLE DATA; Schema: public; Owner: -
--

COPY public.health_centers (id, is_active, cnpj, address_id, prefecture_id) FROM stdin;
5	t	63.283.962/0001-15	8	4
6	t	05.325.381/0001-00	12	5
4	t	11.111.111/1111-11	5	2
\.


--
-- Data for Name: locations; Type: TABLE DATA; Schema: public; Owner: -
--

COPY public.locations (id, category, created_at, destination_hospital, is_preferential, transition, passenger_id, travel_id) FROM stdin;
3	PACIENTE	2021-05-18	São Francisco	t	IV	69	9
4	PACIENTE	2021-05-18	Hospital Regional	f	SI	88	11
5	ACOMPANHENTE	2021-05-18	Hospital Regional	t	IV	89	11
6	PACIENTE	2021-05-18	Hospan	t	IV	77	12
7	ACOMPANHENTE	2021-05-18	Hospan	t	IV	90	12
8	PACIENTE	2021-05-18	Restauração	t	IV	75	13
9	PACIENTE	2021-05-19	Hospan	t	IV	86	12
10	PACIENTE	2021-05-19	Hospital X	t	SI	73	10
11	PACIENTE	2021-05-19	Postuguês	t	SI	49	14
12	PACIENTE	2021-05-19	Portuguẽs	t	IV	50	14
14	PACIENTE	2021-05-19	Hospital Y	t	SI	68	15
15	PACIENTE	2021-05-19	Português	t	SI	91	16
13	PACIENTE	2021-05-24	Hospital Caruaru	t	SV	53	15
\.


--
-- Data for Name: order_reset_passwords; Type: TABLE DATA; Schema: public; Owner: -
--

COPY public.order_reset_passwords (id, completed_in, request_on, was_rejected, id_user_who_requested, id_user_who_solved_order) FROM stdin;
\.


--
-- Data for Name: passengers; Type: TABLE DATA; Schema: public; Owner: -
--

COPY public.passengers (id, gender, cell_phone, date_of_birth, is_active, landline, name, observation, rg, sus, warning_count, address_id, health_center_id, is_blocked, in_travel) FROM stdin;
54	F	(83) 73271-5176	2021-05-18	f	\N	Adria Green	\N	6.357.300	666 8816 2183 9681	0	10	4	f	t
49	F	(26) 78348-1892	2021-05-18	t	\N	Melissa Smith	\N	4.310.661	584 6809 5178 9417	0	9	4	f	t
50	F	(79) 97948-4123	2021-05-18	t	\N	Viola Sayco	\N	3.101.284	991 9429 3986 1048	0	10	4	f	t
51	F	(21) 58664-5893	2021-05-18	t	\N	Vernice Taylor	\N	2.650.423	700 3534 6418 6344	0	9	4	f	t
52	F	(32) 73852-9579	2021-05-18	t	\N	Anita Oliver	\N	6.418.540	439 7464 7773 4575	0	9	4	f	t
53	F	(39) 51845-5679	2021-05-18	t	\N	Vanessa Ayaia	\N	4.226.474	597 8621 8716 7809	0	9	4	f	t
55	F	(31) 18443-5715	2021-05-18	t	\N	Elizabeth Graff	\N	7.681.605	894 1880 5490 9588	0	10	4	f	t
56	F	(13) 57797-9294	2021-05-18	t	\N	Constance Rodriguez	\N	7.410.903	661 3997 3727 4817	0	9	4	f	t
57	F	(94) 27816-3339	2021-05-18	t	\N	Shirley Jones	\N	1.935.798	593 5853 1035 1555	0	10	4	f	t
58	F	(11) 67534-7473	2021-05-18	t	\N	Victoria Rivers	\N	9.339.408	953 1273 5629 1640	0	9	4	f	t
59	F	(81) 56085-5205	2021-05-18	t	\N	Eunice Sanchez	\N	7.396.151	476 5831 7620 7952	0	10	4	f	t
60	F	(49) 39013-3075	2021-05-18	t	\N	Dena Edwards	\N	4.378.137	818 4828 7922 7083	0	10	4	f	t
61	F	(91) 64241-4689	2021-05-18	t	\N	Beverly Long	\N	8.369.645	568 4384 7395 2714	0	9	4	f	t
62	F	(10) 75430-3754	2021-05-18	t	\N	Katharine Moore	\N	1.297.777	952 5998 4374 8268	0	10	4	f	t
63	F	(36) 81804-2279	2021-05-18	t	\N	Barbara Brown	\N	7.475.236	759 9758 9036 6933	0	9	4	f	t
64	F	(54) 31855-4793	2021-05-18	t	\N	Susan Pitcherello	\N	9.918.525	402 8763 9762 6418	0	9	4	f	t
65	F	(14) 54264-9946	2021-05-18	t	\N	Tori Mcmillan	\N	7.867.353	937 3908 8363 1856	0	10	4	f	t
66	F	(36) 40335-8881	2021-05-18	t	\N	Olga Bell	\N	6.235.422	234 3311 1604 6853	0	9	4	f	t
67	F	(90) 92144-7734	2021-05-18	t	\N	Courtney Clemons	\N	6.281.269	952 2025 8599 9229	0	10	4	f	t
68	F	(56) 77320-5494	2021-05-18	t	\N	Katherine Bingham	\N	3.293.363	337 7748 6913 5684	0	10	4	f	t
69	F	(63) 27026-8307	2021-05-18	t	\N	Matthew Duong	\N	8.937.535	365 3360 3020 1368	0	13	6	f	t
70	F	(24) 38556-8980	2021-05-18	t	\N	Cletus Williams	\N	6.882.823	621 9450 2287 7653	0	13	6	f	t
71	F	(93) 67909-7202	2021-05-18	t	\N	James Wilks	\N	8.852.164	624 3600 3862 1094	0	13	6	f	t
72	F	(68) 28819-9753	2021-05-18	t	\N	Timothy Chattin	\N	0.570.561	207 6719 4445 9885	0	13	6	f	t
73	F	(23) 98634-5539	2021-05-18	t	\N	Daniel Benjamen	\N	5.616.440	851 7170 1576 3452	0	13	6	f	t
74	F	(92) 55108-7459	2021-05-18	t	\N	Russ Cintron	\N	1.407.132	422 5916 2952 9564	0	13	6	f	t
75	F	(67) 38407-3598	2021-05-18	t	\N	Ronald Owens	\N	2.271.558	805 8673 8210 2469	0	13	6	f	t
76	F	(98) 34003-5001	2021-05-18	t	\N	Charles Horn	\N	9.946.116	133 9296 2061 7872	0	13	6	f	t
77	F	(90) 84150-8544	2021-05-18	t	\N	John Yokota	\N	2.680.910	980 5719 8019 6401	0	13	6	f	t
78	F	(67) 53273-4515	2021-05-18	t	\N	Joseph Burton	\N	9.638.222	280 7678 6437 3664	0	13	6	f	t
80	F	(71) 19398-8321	2021-05-18	t	\N	Michael Gutierrez	\N	8.342.472	174 2697 6513 2033	0	13	6	f	t
81	F	(13) 33224-4805	2021-05-18	t	\N	James Tobar	\N	1.484.659	258 1875 5617 8311	0	13	6	f	t
89	M	(87) 99956-9551	1998-05-18	t		Veras Silva		1.523.534	123 1231 2312 3213	0	14	6	f	t
82	F	(76) 81459-1650	2021-05-18	t	\N	Michael Mitchell	\N	6.314.371	665 2810 8868 4587	0	13	6	f	t
83	F	(61) 10823-9305	2021-05-18	t	\N	Andrew Richburg	\N	2.390.656	961 5982 7411 4841	0	13	6	f	t
84	F	(11) 82464-5487	2021-05-18	t	\N	Calvin Roark	\N	0.966.518	763 2589 4432 2466	0	13	6	f	t
85	F	(38) 80241-5768	2021-05-18	t	\N	Lloyd Matlock	\N	2.182.677	343 6279 1898 6518	0	13	6	f	t
86	F	(46) 87277-9663	2021-05-18	t	\N	Wayne Presha	\N	6.434.636	470 3105 1005 2065	0	13	6	f	t
87	F	(46) 79176-5617	2021-05-18	t	\N	Marlin Warren	\N	8.200.659	543 2930 3517 9560	0	13	6	f	t
88	F	(22) 86272-9588	2021-05-18	t	\N	Tom Felton	\N	4.668.198	260 7267 9696 1865	0	13	6	f	t
79	F	(49) 88436-5108	2021-05-18	t	\N	James Rouse	\N	5.958.978	521 6615 8182 8523	0	13	6	f	t
90	M	(12) 34566-6554	1998-08-21	t		Monkey D' Luffy	Tem diabetes	4.123.123	315 4758 7679 6967	0	15	6	f	t
91	M	(35) 11231-2312	2021-05-19	t		José Salustiano		1.231.112	123 1245 3623 4121	0	16	5	f	t
92	F	(13) 41543-7645	2000-09-25	t	(34) 5251-5135	Maria Eduarda Ferreira dos Santos Queiroz da Silva		1.243.667	123 1578 4455 2334	0	10	4	f	t
\.


--
-- Data for Name: prefectures; Type: TABLE DATA; Schema: public; Owner: -
--

COPY public.prefectures (id, active, cnpj, email, site, address_id) FROM stdin;
2	t	11.111.111/1111-11	prefeitura@afogadosdaingazeira.pe.gov.br	afogadosdaingazeira.pe.gov.br	1
4	t	06.090.271/0001-61	prefeitura@serratalhada.pe.gov.br	http://www.serratalhada.pe.gov.br/	7
5	t	08.923.971/0001-15	prefeitura@cajazeiras.pb.gov.br	https://cajazeiras.pb.gov.br/	11
\.


--
-- Data for Name: roles; Type: TABLE DATA; Schema: public; Owner: -
--

COPY public.roles (id, role) FROM stdin;
1	OPERADOR
2	GESTOR
3	ADMIN
\.


--
-- Data for Name: travels; Type: TABLE DATA; Schema: public; Owner: -
--

COPY public.travels (id, is_active, departure_date, destiny_city, destiny_state, observation, registered_passengers, return_data, status, driver_id, health_center_id, vehicle_id, return_date) FROM stdin;
9	t	2021-05-18	João Pessoa	PB		0	\N	AGUARDANDO	15	6	17	\N
10	t	2021-05-18	Campina Grande	PB		0	\N	AGUARDANDO	19	6	20	\N
12	t	2021-05-18	Serra Talhada	PE	No km 12, verifique a calibragem dos pneus.	0	\N	AGUARDANDO	17	6	23	\N
11	t	2021-05-18	Afogados da Ingazeira	PE		0	\N	CONCLUIDO	20	6	22	2021-05-18
14	t	2021-05-19	Recife	PE		0	\N	AGUARDANDO	6	4	1	\N
15	t	2021-05-19	Caruaru	PE		0	\N	AGUARDANDO	12	4	13	\N
16	t	2021-05-19	Recife	PE		0	\N	AGUARDANDO	3	5	16	\N
13	t	2021-05-18	Recife	PE		0	\N	EM_TRANSITO	21	6	24	\N
\.


--
-- Data for Name: user_role; Type: TABLE DATA; Schema: public; Owner: -
--

COPY public.user_role (user_id, role_id) FROM stdin;
2	3
6	2
7	1
2	1
2	2
11	1
16	1
17	1
18	1
19	1
20	2
21	2
22	1
\.


--
-- Data for Name: users; Type: TABLE DATA; Schema: public; Owner: -
--

COPY public.users (id, is_active, created_at, email, enrollment, name, password, is_staff, username, health_center_id) FROM stdin;
20	t	2021-05-19	berg@gmail.com	435.367	HIDELBERG OLIVEIRA ALBUQUERQUE	$2a$10$ui9bHVjGuYpC.V2ArXOoSO0m80J/kGrrQ0jlpBlqdvX1Kz8WlIH0y	f	bergO	6
21	t	2021-05-19	leonardo.mascena@ufrpe.br	123.123	Gustavo Henrrique	$2a$10$ehQ3Pnmh7tBlr4iyVE8Dju4.YPvB.exrcohHiI9uHKEs16QvIgDy.	f	gustavo	5
22	t	2021-05-19	maria@gmail.com	125.165	Maria Fernanda	$2a$10$RH69zQWYwEg4R0r7KD2Xl.gf.i6JHQMMkoAYKI5BIp0MTb7v/9kVK	f	mariaF	5
6	t	2021-05-08	mequeirosz@gmail.com	121.231	Maria Eduarda Ferreira dos Santos Queiroz da Silva	$2a$10$NAeQ2M5CLGi8Hb90pP/dRew2T49zpLbXYJcnrbDLCGV22mxTfTbHm	f	mequeirosz	4
7	t	2021-05-09	tainan@gmail.com	123.123	Tainan Santos 	$2a$10$P6vxVBZ3JEI7UmsIHfvv.uxelkRV.m00UIznzhxi/bgDdeJT6zCwa	f	TTainan	4
11	t	2021-05-13	joao@gmail.com	123.455	João da Silva	$2a$10$s2uLHPWt1CSVrtBLnVlwL.cLAi7JltWoMZ49wzEficvzcRVV1JOZ6	f	joao12	5
2	t	2021-05-06	verasleonardo210@gmail.com		Leonardo Veras Mascena Oliveira Lopes	$2a$10$wSwrlMxhXUGKVH1aBM9U3OHF1br5m8L7ByFmklSU3.U6hvYXivZ3y	t	lvleo21	\N
16	t	2021-05-18	marcio@gmail.com	556.544	Marcio Cleber	$2a$10$1ZMMMvHW7jYyidkl/XAq/e1jXrPypAz3JBEfBCWKt1ZtdQRBEsfcq	f	marcio	6
17	f	2021-05-18	visao@gmail.com	553.431	Felipe Vinicius	$2a$10$hmWb0koTeccgdfzVXKDU7OaOHUQ4WL1AL1.o1j3ovlu95OTtBtzaC	f	visao	6
18	t	2021-05-18	heldon.bicicletero@gmail.com	567.432	Heldon José	$2a$10$Gyx31VxC.IuTsAVVaKcwOuVUtD2gRAoJK4htOttvbTvSwsBrI.tlC	f	heldon	6
19	t	2021-05-18	marcos@gmail.com	534.657	Marcos Antônio	$2a$10$fd.o/k6CngKuV6.IRrU/auRTAmwusMwZp4tvyQRG9bLpXv.uINAKC	f	marcosA	6
\.


--
-- Data for Name: vehicles; Type: TABLE DATA; Schema: public; Owner: -
--

COPY public.vehicles (id, is_active, is_available, capacity, name, plaque, health_center_id) FROM stdin;
8	t	t	50	Ônibus	VUW-2108	5
10	t	t	3	Ambulância	UED-1234	4
11	t	t	4	Carro baixo	AXW-1245	4
12	t	t	6	Carro baixo	COF-1023	4
3	t	t	15	Van	NFK-2012	4
6	t	t	25	Van	FRS-1245	4
9	t	t	25	Van	DER-2108	5
14	t	t	46	Ônibus	ZXS-0431	5
15	t	t	15	Van	QAE-1233	5
18	t	t	4	Carro baixo	OIU-1234	6
19	t	t	6	Carro baixo	GHF-1231	6
21	t	t	46	Ônibus	HHK-1231	6
17	t	f	3	Ambulância	BBS-1022	6
20	t	f	50	Ônibus	JFK-1231	6
23	t	f	15	Van	UWA-1345	6
22	t	t	20	Van	AAS-1234	6
24	t	f	50	Ônibus	GHF-1234	6
1	t	f	50	Õnibus	NFK-1012	4
13	t	f	46	Ônibus	MAX-1012	4
16	t	f	3	Ambulância	QWE-5675	5
\.


--
-- Name: adresses_id_seq; Type: SEQUENCE SET; Schema: public; Owner: -
--

SELECT pg_catalog.setval('public.adresses_id_seq', 20, true);


--
-- Name: drivers_id_seq; Type: SEQUENCE SET; Schema: public; Owner: -
--

SELECT pg_catalog.setval('public.drivers_id_seq', 25, true);


--
-- Name: employee_sequence; Type: SEQUENCE SET; Schema: public; Owner: -
--

SELECT pg_catalog.setval('public.employee_sequence', 1, false);


--
-- Name: entity_sequence; Type: SEQUENCE SET; Schema: public; Owner: -
--

SELECT pg_catalog.setval('public.entity_sequence', 1, false);


--
-- Name: health_centers_id_seq; Type: SEQUENCE SET; Schema: public; Owner: -
--

SELECT pg_catalog.setval('public.health_centers_id_seq', 8, true);


--
-- Name: hibernate_sequence; Type: SEQUENCE SET; Schema: public; Owner: -
--

SELECT pg_catalog.setval('public.hibernate_sequence', 1, false);


--
-- Name: id; Type: SEQUENCE SET; Schema: public; Owner: -
--

SELECT pg_catalog.setval('public.id', 1, false);


--
-- Name: locations_id_seq; Type: SEQUENCE SET; Schema: public; Owner: -
--

SELECT pg_catalog.setval('public.locations_id_seq', 15, true);


--
-- Name: order_reset_passwords_id_seq; Type: SEQUENCE SET; Schema: public; Owner: -
--

SELECT pg_catalog.setval('public.order_reset_passwords_id_seq', 21, true);


--
-- Name: passengers_id_seq; Type: SEQUENCE SET; Schema: public; Owner: -
--

SELECT pg_catalog.setval('public.passengers_id_seq', 92, true);


--
-- Name: people_sequence; Type: SEQUENCE SET; Schema: public; Owner: -
--

SELECT pg_catalog.setval('public.people_sequence', 1, false);


--
-- Name: prefectures_id_seq; Type: SEQUENCE SET; Schema: public; Owner: -
--

SELECT pg_catalog.setval('public.prefectures_id_seq', 7, true);


--
-- Name: roles_id_seq; Type: SEQUENCE SET; Schema: public; Owner: -
--

SELECT pg_catalog.setval('public.roles_id_seq', 3, true);


--
-- Name: travels_id_seq; Type: SEQUENCE SET; Schema: public; Owner: -
--

SELECT pg_catalog.setval('public.travels_id_seq', 16, true);


--
-- Name: users_id_seq; Type: SEQUENCE SET; Schema: public; Owner: -
--

SELECT pg_catalog.setval('public.users_id_seq', 22, true);


--
-- Name: vehicles_id_seq; Type: SEQUENCE SET; Schema: public; Owner: -
--

SELECT pg_catalog.setval('public.vehicles_id_seq', 24, true);


--
-- Name: adresses adresses_pkey; Type: CONSTRAINT; Schema: public; Owner: -
--

ALTER TABLE ONLY public.adresses
    ADD CONSTRAINT adresses_pkey PRIMARY KEY (id);


--
-- Name: drivers drivers_pkey; Type: CONSTRAINT; Schema: public; Owner: -
--

ALTER TABLE ONLY public.drivers
    ADD CONSTRAINT drivers_pkey PRIMARY KEY (id);


--
-- Name: health_centers health_centers_pkey; Type: CONSTRAINT; Schema: public; Owner: -
--

ALTER TABLE ONLY public.health_centers
    ADD CONSTRAINT health_centers_pkey PRIMARY KEY (id);


--
-- Name: locations locations_pkey; Type: CONSTRAINT; Schema: public; Owner: -
--

ALTER TABLE ONLY public.locations
    ADD CONSTRAINT locations_pkey PRIMARY KEY (id);


--
-- Name: order_reset_passwords order_reset_passwords_pkey; Type: CONSTRAINT; Schema: public; Owner: -
--

ALTER TABLE ONLY public.order_reset_passwords
    ADD CONSTRAINT order_reset_passwords_pkey PRIMARY KEY (id);


--
-- Name: passengers passengers_pkey; Type: CONSTRAINT; Schema: public; Owner: -
--

ALTER TABLE ONLY public.passengers
    ADD CONSTRAINT passengers_pkey PRIMARY KEY (id);


--
-- Name: prefectures prefectures_pkey; Type: CONSTRAINT; Schema: public; Owner: -
--

ALTER TABLE ONLY public.prefectures
    ADD CONSTRAINT prefectures_pkey PRIMARY KEY (id);


--
-- Name: roles roles_pkey; Type: CONSTRAINT; Schema: public; Owner: -
--

ALTER TABLE ONLY public.roles
    ADD CONSTRAINT roles_pkey PRIMARY KEY (id);


--
-- Name: travels travels_pkey; Type: CONSTRAINT; Schema: public; Owner: -
--

ALTER TABLE ONLY public.travels
    ADD CONSTRAINT travels_pkey PRIMARY KEY (id);


--
-- Name: users uk_6dotkott2kjsp8vw4d0m25fb7; Type: CONSTRAINT; Schema: public; Owner: -
--

ALTER TABLE ONLY public.users
    ADD CONSTRAINT uk_6dotkott2kjsp8vw4d0m25fb7 UNIQUE (email);


--
-- Name: health_centers uk_a2wio9at225bgog42g0sy9nse; Type: CONSTRAINT; Schema: public; Owner: -
--

ALTER TABLE ONLY public.health_centers
    ADD CONSTRAINT uk_a2wio9at225bgog42g0sy9nse UNIQUE (cnpj);


--
-- Name: prefectures uk_a8wosnmwuumeynbvlbstbn84a; Type: CONSTRAINT; Schema: public; Owner: -
--

ALTER TABLE ONLY public.prefectures
    ADD CONSTRAINT uk_a8wosnmwuumeynbvlbstbn84a UNIQUE (email);


--
-- Name: prefectures uk_l0s8kqq6968s24xwi5or6o1ye; Type: CONSTRAINT; Schema: public; Owner: -
--

ALTER TABLE ONLY public.prefectures
    ADD CONSTRAINT uk_l0s8kqq6968s24xwi5or6o1ye UNIQUE (site);


--
-- Name: prefectures uk_q42en1a3nkk4mp58djuvmfyn8; Type: CONSTRAINT; Schema: public; Owner: -
--

ALTER TABLE ONLY public.prefectures
    ADD CONSTRAINT uk_q42en1a3nkk4mp58djuvmfyn8 UNIQUE (cnpj);


--
-- Name: users uk_r43af9ap4edm43mmtq01oddj6; Type: CONSTRAINT; Schema: public; Owner: -
--

ALTER TABLE ONLY public.users
    ADD CONSTRAINT uk_r43af9ap4edm43mmtq01oddj6 UNIQUE (username);


--
-- Name: passengers uk_rmvce9ssd5o956t7vgkltkjs9; Type: CONSTRAINT; Schema: public; Owner: -
--

ALTER TABLE ONLY public.passengers
    ADD CONSTRAINT uk_rmvce9ssd5o956t7vgkltkjs9 UNIQUE (sus);


--
-- Name: passengers uk_tlp5vpggq3y02cm022ddc18a2; Type: CONSTRAINT; Schema: public; Owner: -
--

ALTER TABLE ONLY public.passengers
    ADD CONSTRAINT uk_tlp5vpggq3y02cm022ddc18a2 UNIQUE (rg);


--
-- Name: user_role user_role_pkey; Type: CONSTRAINT; Schema: public; Owner: -
--

ALTER TABLE ONLY public.user_role
    ADD CONSTRAINT user_role_pkey PRIMARY KEY (user_id, role_id);


--
-- Name: users users_pkey; Type: CONSTRAINT; Schema: public; Owner: -
--

ALTER TABLE ONLY public.users
    ADD CONSTRAINT users_pkey PRIMARY KEY (id);


--
-- Name: vehicles vehicles_pkey; Type: CONSTRAINT; Schema: public; Owner: -
--

ALTER TABLE ONLY public.vehicles
    ADD CONSTRAINT vehicles_pkey PRIMARY KEY (id);


--
-- Name: vehicles fk6l20i2d7by0r5e7u741svdnjw; Type: FK CONSTRAINT; Schema: public; Owner: -
--

ALTER TABLE ONLY public.vehicles
    ADD CONSTRAINT fk6l20i2d7by0r5e7u741svdnjw FOREIGN KEY (health_center_id) REFERENCES public.health_centers(id);


--
-- Name: locations fk7dp4k51hx6b08cfk4fm268sex; Type: FK CONSTRAINT; Schema: public; Owner: -
--

ALTER TABLE ONLY public.locations
    ADD CONSTRAINT fk7dp4k51hx6b08cfk4fm268sex FOREIGN KEY (travel_id) REFERENCES public.travels(id);


--
-- Name: users fk86p8hntpqj2qjj3i074ck325i; Type: FK CONSTRAINT; Schema: public; Owner: -
--

ALTER TABLE ONLY public.users
    ADD CONSTRAINT fk86p8hntpqj2qjj3i074ck325i FOREIGN KEY (health_center_id) REFERENCES public.health_centers(id);


--
-- Name: drivers fk96tt889yoovrmgm1shjxdgwww; Type: FK CONSTRAINT; Schema: public; Owner: -
--

ALTER TABLE ONLY public.drivers
    ADD CONSTRAINT fk96tt889yoovrmgm1shjxdgwww FOREIGN KEY (health_center_id) REFERENCES public.health_centers(id);


--
-- Name: order_reset_passwords fkbjhm8xucro55oaf04v21l186w; Type: FK CONSTRAINT; Schema: public; Owner: -
--

ALTER TABLE ONLY public.order_reset_passwords
    ADD CONSTRAINT fkbjhm8xucro55oaf04v21l186w FOREIGN KEY (id_user_who_requested) REFERENCES public.users(id);


--
-- Name: travels fke6pm03eicduvcxlcx9e5rfe8y; Type: FK CONSTRAINT; Schema: public; Owner: -
--

ALTER TABLE ONLY public.travels
    ADD CONSTRAINT fke6pm03eicduvcxlcx9e5rfe8y FOREIGN KEY (driver_id) REFERENCES public.drivers(id);


--
-- Name: user_role fkj345gk1bovqvfame88rcx7yyx; Type: FK CONSTRAINT; Schema: public; Owner: -
--

ALTER TABLE ONLY public.user_role
    ADD CONSTRAINT fkj345gk1bovqvfame88rcx7yyx FOREIGN KEY (user_id) REFERENCES public.users(id);


--
-- Name: travels fklspsvxlrwfk1u8mufpnhr4x3y; Type: FK CONSTRAINT; Schema: public; Owner: -
--

ALTER TABLE ONLY public.travels
    ADD CONSTRAINT fklspsvxlrwfk1u8mufpnhr4x3y FOREIGN KEY (vehicle_id) REFERENCES public.vehicles(id);


--
-- Name: prefectures fkmvcjvol68elcqf5lgfh5kuhf9; Type: FK CONSTRAINT; Schema: public; Owner: -
--

ALTER TABLE ONLY public.prefectures
    ADD CONSTRAINT fkmvcjvol68elcqf5lgfh5kuhf9 FOREIGN KEY (address_id) REFERENCES public.adresses(id);


--
-- Name: passengers fknherxk6jewocu24bbhsrcn1n1; Type: FK CONSTRAINT; Schema: public; Owner: -
--

ALTER TABLE ONLY public.passengers
    ADD CONSTRAINT fknherxk6jewocu24bbhsrcn1n1 FOREIGN KEY (health_center_id) REFERENCES public.health_centers(id);


--
-- Name: health_centers fkp40p1gpu1jmt904c4fsrpentp; Type: FK CONSTRAINT; Schema: public; Owner: -
--

ALTER TABLE ONLY public.health_centers
    ADD CONSTRAINT fkp40p1gpu1jmt904c4fsrpentp FOREIGN KEY (address_id) REFERENCES public.adresses(id);


--
-- Name: travels fkqxkkvtt7d8q6ac53ku5pt6prk; Type: FK CONSTRAINT; Schema: public; Owner: -
--

ALTER TABLE ONLY public.travels
    ADD CONSTRAINT fkqxkkvtt7d8q6ac53ku5pt6prk FOREIGN KEY (health_center_id) REFERENCES public.health_centers(id);


--
-- Name: passengers fks4tsmhf5brqxvotas77e1vyou; Type: FK CONSTRAINT; Schema: public; Owner: -
--

ALTER TABLE ONLY public.passengers
    ADD CONSTRAINT fks4tsmhf5brqxvotas77e1vyou FOREIGN KEY (address_id) REFERENCES public.adresses(id);


--
-- Name: order_reset_passwords fksfooku7xwkhfdx2sijwx4wklv; Type: FK CONSTRAINT; Schema: public; Owner: -
--

ALTER TABLE ONLY public.order_reset_passwords
    ADD CONSTRAINT fksfooku7xwkhfdx2sijwx4wklv FOREIGN KEY (id_user_who_solved_order) REFERENCES public.users(id);


--
-- Name: health_centers fkt33bbvd3rmvikshdggvanvw19; Type: FK CONSTRAINT; Schema: public; Owner: -
--

ALTER TABLE ONLY public.health_centers
    ADD CONSTRAINT fkt33bbvd3rmvikshdggvanvw19 FOREIGN KEY (prefecture_id) REFERENCES public.prefectures(id);


--
-- Name: user_role fkt7e7djp752sqn6w22i6ocqy6q; Type: FK CONSTRAINT; Schema: public; Owner: -
--

ALTER TABLE ONLY public.user_role
    ADD CONSTRAINT fkt7e7djp752sqn6w22i6ocqy6q FOREIGN KEY (role_id) REFERENCES public.roles(id);


--
-- Name: locations fkt9mjk3dx6jgoxxdvqwxyxmhs1; Type: FK CONSTRAINT; Schema: public; Owner: -
--

ALTER TABLE ONLY public.locations
    ADD CONSTRAINT fkt9mjk3dx6jgoxxdvqwxyxmhs1 FOREIGN KEY (passenger_id) REFERENCES public.passengers(id);


--
-- PostgreSQL database dump complete
--

